,character,firstname
0,Abbott,Abbott
1,Abbott family,Abbott
2,Hannah Abbott,Hannah
3,Abel Treetops,Abel
4,Euan Abercrombie,Euan
5,Aberforth Dumbledore,Aberforth
6,Abernathy,Abernathy
7,Abraham Peasegood,Abraham
8,Abraham Potter,Abraham
9,Abraxas Malfoy,Abraxas
10,Achilles Tolliver,Achilles
11,Stewart Ackerley,Stewart
12,Adalbert Waffling,Adalbert
13,Adrian Pucey,Adrian
14,Adrian Tutley,Adrian
15,three African wizards,three
16,Agatha Chubb,Agatha
17,Agatha Timms,Agatha
18,Agilbert Fontaine,Agilbert
19,Agnes,Agnes
20,Cornelius Agrippa,Cornelius
21,Aidan Kiely,Aidan
22,Aidan Lynch,Aidan
23,Alasdair Maddock,Alasdair
24,Alastor Gumboil,Alastor
25,Mad-Eye Moody,Mad-Eye
26,Albanian peasant,Albanian
27,Alberic Grunnion,Alberic
28,Alberta Toothill,Alberta
29,Albert Boot,Albert
30,Albert Jorkins,Albert
31,Albert Runcorn,Albert
32,Albert Tillyman,Albert
33,Albus Dumbledore,Albus
34,Albus Potter,Albus
35,Alderton,Alderton
36,Arkie Alderton,Arkie
37,Alecto Carrow,Alecto
38,Alfred Cattermole,Alfred
39,Alguff the Awful,Alguff
40,Ali Bashir,Ali
41,Alice Longbottom,Alice
42,Alicia Spinnet,Alicia
43,Aliko Okoye,Aliko
44,Raul Almeida,Raul
45,Almerick Sawbridge,Almerick
46,Alejandra Alonso,Alejandra
47,Alphard Black,Alphard
48,Altheda,Altheda
49,Amarillo Lestoat,Amarillo
50,Amata,Amata
51,Ambrosius Flume,Ambrosius
52,Amelia Susan Bones,Amelia
53,Amos Diggory,Amos
54,Amy Benson,Amy
55,Amycus Carrow,Amycus
56,P.C. Anderson,P.C.
57,Andorran Minister for Magic,Andorran
58,Andrew Kirke,Andrew
59,Andromeda Tonks,Andromeda
60,Andros the Invincible,Andros
61,Angelina Johnson,Angelina
62,Angelus Peel,Angelus
63,Angus Buchanan,Angus
64,Angus Campbell,Angus
65,Angus Fleet,Angus
66,Angus McMangus,Angus
67,Annis Black,Annis
68,Anonymous,Anonymous
69,Anthony Goldstein,Anthony
70,Antioch Peverell,Antioch
71,Antonin Dolohov,Antonin
72,Antonio,Antonio
73,Apolline Delacour,Apolline
74,Apollyon Pringle,Apollyon
75,Figg,Figg
76,Aragog,Aragog
77,Araminta Meliflua,Araminta
78,Archer Evermonde,Archer
79,Archibald Alderton,Archibald
80,Archie,Archie
81,Archie Aymslowe,Archie
82,Arcturus Black ,Arcturus
83,Arcturus Black ,Arcturus
84,Arcus,Arcus
85,Argus Filch,Argus
86,Argus Pyrites,Argus
87,Ariana Dumbledore,Ariana
88,Aristotle Twelvetrees,Aristotle
89,Arkie Philpott,Arkie
90,Armand Malfoy,Armand
91,Armando Dippet,Armando
92,Armenian warlock,Armenian
93,Arnold,Arnold
94,Arnold Guzman,Arnold
95,Arnie Peasegood,Arnie
96,Arnulf Moe,Arnulf
97,Arsenia Gonzales,Arsenia
98,Arsenius Jigger,Arsenius
99,Artemisia Lufkin,Artemisia
100,Artemius Lawson,Artemius
101,Arthur's contact at the Floo Regulation Panel,Arthur's
102,Arthur Weasley,Arthur
103,Arturo Cephalopos,Arturo
104,Asha,Asha
105,Astoria Greengrass,Astoria
106,Over-Attentive Wizard,Over-Attentive
107,Bertram Aubrey,Bertram
108,Audrey Weasley,Audrey
109,"Augusta ""Gran"" Longbottom",Augusta
110,Augustus Pye,Augustus
111,Augustus Rookwood,Augustus
112,Augustus Worme,Augustus
113,Auntie Muriel,Auntie
114,Aunt Marge Dursley,Aunt
115,Aurelius Dumbledore,Aurelius
116,Professor Sinistra,Professor
117,Avery,Avery
118,Avery family,Avery
119,Babajide Akingbade,Babajide
120,Babayaga,Babayaga
121,Babbitty Rabbitty,Babbitty
122,Bagman Sr.,Bagman
123,Bagman family,Bagman
124,Ludo Bagman,Ludo
125,Otto Bagman,Otto
126,Millicent Bagnold,Millicent
127,Bathilda Bagshot,Bathilda
128,Kquewanda Bailey,Kquewanda
129,Ballyfumble Stranger,Ballyfumble
130,Bandon Banshee,Bandon
131,Bane,Bane
132,Heathcote Barbary,Heathcote
133,José Barboza,José
134,Bartholomew Barebone,Bartholomew
135,Chastity Barebone,Chastity
136,Credence Barebone,Credence
137,Barebone Family,Barebone
138,Mary Lou Barebone,Mary
139,Modesty Barebone,Modesty
140,Lucas Bargeworthy,Lucas
141,Barker,Barker
142,Barnabas the Barmy,Barnabas
143,Barnabas Cuffe,Barnabas
144,Barnabas Deverill,Barnabas
145,Barnabus Finkley,Barnabus
146,Barnaby Snell,Barnaby
147,Cousin Barny,Cousin
148,Barry Ryan,Barry
149,Barty Crouch Jr.,Barty
150,Barty Crouch Sr.,Barty
151,Baruffio,Baruffio
152,Ali Bashir,Ali
153,Basil,Basil
154,Basil Flack,Basil
155,Basil Horton,Basil
156,Bathsheda Babbling,Bathsheda
157,Barny the Fruitbat,Barny
158,Charlie Baverstock,Charlie
159,Beatrix Bloxam,Beatrix
160,Beaumont Marjoribanks,Beaumont
161,several Beauxbatons students,several
162,Beedle the Bard,Beedle
163,Herbert Beery,Herbert
164,Belby,Belby
165,Humphrey Belcher,Humphrey
166,Katie Bell,Katie
167,Brother Benedict,Brother
168,Benedita Dourado,Benedita
169,Benjy Fenwick,Benjy
170,Benjy Williams,Benjy
171,Amy Benson,Amy
172,Bernadette,Bernadette
173,Bernie Pillsworth,Bernie
174,Bertha Jorkins,Bertha
175,Bertha Jorkins' second cousin,Bertha
176,Berthilde Roche,Berthilde
177,Bertie Bott,Bertie
178,Bertie Higgs,Bertie
179,Bertram Aubrey,Bertram
180,Bertrand de Pensées-Profondes,Bertrand
181,BF,BF
182,Bill's penfriend from Brazil,Bill's
183,Bill Weasley,Bill
184,Billy Stubbs,Billy
185,Bingley,Bingley
186,Binky,Binky
187,Professor Binns,Professor
188,Brevis Birch,Brevis
189,Dennis Bishop,Dennis
190,Alphard Black,Alphard
191,Annis Black,Annis
192,Arcturus Black ,Arcturus
193,Arcturus Black ,Arcturus
194,Bellatrix Lestrange,Bellatrix
195,Belvina Black,Belvina
196,Callidora Black,Callidora
197,Cassiopeia Black,Cassiopeia
198,Charis Black,Charis
199,Cygnus Black,Cygnus
200,Cygnus Black ,Cygnus
201,Black family,Black
202,Iola Black,Iola
203,Marius Black,Marius
204,Orion Black,Orion
205,Phineas Black,Phineas
206,Pollux Black,Pollux
207,Dorea Black Potter,Dorea
208,Regulus Black,Regulus
209,Sirius Black,Sirius
210,Cedrella Black Weasley,Cedrella
211,Blagdon Blay,Blagdon
212,Blaise Zabini,Blaise
213,Blaise Zabini's mother,Blaise
214,Susan Blancheflower,Susan
215,Balfour Blane,Balfour
216,Blenheim Stalk,Blenheim
217,Barnabus Blenkinsop,Barnabus
218,Timothy Blenkinsop,Timothy
219,Bletchley,Bletchley
220,Miles Bletchley,Miles
221,old bloke picking his nose,old
222,Jean-Baptiste Bloncourt,Jean-Baptiste
223,The Bloody Baron,The
224,Blodwyn Bludd,Blodwyn
225,Bludgeoning Boggart of Old London Town,Bludgeoning
226,"Bob, Bill, and Barnaby Ollerton","Bob,"
227,Bobbin family,Bobbin
228,Melinda Bobbin,Melinda
229,Bob Hitchens,Bob
230,Bob Ogden,Bob
231,Broderick Bode,Broderick
232,Old Boggle of Canterbury,Old
233,Bogomil Levski,Bogomil
234,Bogrod,Bogrod
235,Sylvian Boigny,Sylvian
236,Bole,Bole
237,Hector Bolobolo,Hector
238,Bonawentura Wójcik,Bonawentura
239,Bones family,Bones
240,and Bones,and
241,Amelia Susan Bones,Amelia
242,Susan Bones,Susan
243,Madame Bonhabille,Madame
244,Brother Boniface,Brother
245,Boot,Boot
246,Boot,Boot
247,Albert Boot,Albert
248,Chadwick Boot,Chadwick
249,Gladys Boothby,Gladys
250,Webster Boot,Webster
251,Libatius Borage,Libatius
252,Borgin,Borgin
253,Borgin,Borgin
254,Boris the Bewildered,Boris
255,Boris Vulchanov,Boris
256,Craig Bowker Jr.,Craig
257,Bowman Wright,Bowman
258,Bozo,Bozo
259,Bradley,Bradley
260,Barberus Bragge,Barberus
261,Bragging Young Wizard,Bragging
262,Betty Braithwaite,Betty
263,Bran the Bloodthirsty,Bran
264,Rudolf Brand,Rudolf
265,Maximus Brankovitch III,Maximus
266,Brian Gadwilde,Brian
267,Bridget Wenlock,Bridget
268,Bridget Wenlock's cousin,Bridget
269,Cormac O’Brien,Cormac
270,British envoy to the International Confederation of Wizards,British
271,Karl and Kevin Broadmoor,Karl
272,Brodrig the Boss-Eyed,Brodrig
273,Lavender Brown,Lavender
274,Bruno Schmidt,Bruno
275,Brutus Malfoy,Brutus
276,Brutus Scrimgeour,Brutus
277,Bruno Bruunhart,Bruno
278,Angus Buchanan,Angus
279,Buckbeak,Buckbeak
280,Buckley Cooper,Buckley
281,Zygmunt Budge,Zygmunt
282,Bulstrode family,Bulstrode
283,K. Bundy,K.
284,Bungy the Budgie,Bungy
285,Bunty,Bunty
286,Charity Burbage,Charity
287,Burdock Muldoon,Burdock
288,Caractacus Burke,Caractacus
289,Burke family,Burke
290,Cadmus Peverell,Cadmus
291,Cadwallader,Cadwallader
292,Calchas,Calchas
293,Calderon-Boot family,Calderon-Boot
294,Callidora Black,Callidora
295,Angus Campbell,Angus
296,Lennox Campbell,Lennox
297,Cantankerus Nott,Cantankerus
298,S. Capper,S.
299,Caractacus Burke,Caractacus
300,Caradoc Dearborn,Caradoc
301,O.W.L. Care of Magical Creatures Examiner,O.W.L.
302,Carlos Lopez,Carlos
303,Carlotta Pinkstone,Carlotta
304,Eddie Carmichael,Eddie
305,Rancorous Carpe,Rancorous
306,Carrow,Carrow
307,Alecto Carrow,Alecto
308,Amycus Carrow,Amycus
309,Carrow family,Carrow
310,Caspar Crouch,Caspar
311,Cassandra Trelawney,Cassandra
312,Cassandra Vablatsky,Cassandra
313,Cassiopeia Black,Cassiopeia
314,Catriona McCormack,Catriona
315,Cattermole family,Cattermole
316,Reginald Cattermole,Reginald
317,Catullus Spangle,Catullus
318,Cecilia,Cecilia
319,Cecily,Cecily
320,Cedrella Black Weasley,Cedrella
321,Cedric Diggory,Cedric
322,Celestina Warbeck,Celestina
323,Chadwick Boot,Chadwick
324,Chambers,Chambers
325,Cho Chang,Cho
326,Polly Chapman,Polly
327,Charis Black,Charis
328,Charity Burbage,Charity
329,Charity Wilkinson,Charity
330,Charlie Baverstock,Charlie
331,Charlie Weasley,Charlie
332,Charlus Potter,Charlus
333,Chastity Barebone,Chastity
334,Chauncey Oldridge,Chauncey
335,Glenda Chittock,Glenda
336,Herbert Chorley,Herbert
337,The Chosen One,The
338,Agatha Chubb,Agatha
339,Winston Churchill,Winston
340,Ciceron Harkiss,Ciceron
341,Circe,Circe
342,Elfrida Clagg,Elfrida
343,Clairvius Hyppolite,Clairvius
344,Clarisse Tremblay,Clarisse
345,Ptolemy,Ptolemy
346,Penelope Clearwater,Penelope
347,Cliodna,Cliodna
348,Carlos Clodoaldo,Carlos
349,Edgar Cloggs,Edgar
350,João Coelho,João
351,Cole,Cole
352,Colin Creevey,Colin
353,Colonel Fubster,Colonel
354,Magenta Comstock,Magenta
355,Connolly,Connolly
356,cook at the Riddle House,cook
357,Buckley Cooper,Buckley
358,Howland Coopey,Howland
359,Ritchie Coote,Ritchie
360,Corban Yaxley,Corban
361,Cordelia Misericordia,Cordelia
362,Cormac O’Brien,Cormac
363,Cormack McLeod,Cormack
364,Cormac McLaggen,Cormac
365,Cornelius Agrippa,Cornelius
366,Cornelius Fudge,Cornelius
367,Michael Corner,Michael
368,Corvinus Gaunt,Corvinus
369,Corvus Lestrange Jr.,Corvus
370,Corvus Lestrange Sr.,Corvus
371,Gregory Cotton,Gregory
372,Count Vlad Drakul,Count
373,"second cousin, the accountant",second
374,Cousin Barny,Cousin
375,Crabbe Sr.,Crabbe
376,Crabbe family,Crabbe
377,Ellen Cracknell,Ellen
378,Elfrida Cragg,Elfrida
379,Craig Bowker Jr.,Craig
380,Credence Barebone,Credence
381,Creevey family,Creevey
382,Creevey,Creevey
383,Cresswell,Cresswell
384,Dirk Cresswell,Dirk
385,Cresswell family,Cresswell
386,Cresswell sons,Cresswell
387,Venusia Crickerly,Venusia
388,Delfina Crimp,Delfina
389,Professor Saul Croaker,Professor
390,Doris Crockford,Doris
391,Crispin Cronk,Crispin
392,Glinda Crook,Glinda
393,Crookshanks,Crookshanks
394,Crouch,Crouch
395,Barty Crouch Jr.,Barty
396,Barty Crouch Sr.,Barty
397,Crouch family,Crouch
398,Maximillian Crowdy,Maximillian
399,Barnabas Cuffe,Barnabas
400,curly-haired Beauxbatons student,curly-haired
401,Cuthbert Mockridge,Cuthbert
402,Cyclops,Cyclops
403,Cygnus Black,Cygnus
404,Cygnus Black ,Cygnus
405,Cyprian Youdle,Cyprian
406,Dagbert Pips,Dagbert
407,Hector Dagworth-Granger,Hector
408,Dangerous Dai Llewellyn,Dangerous
409,Daisy Dodderidge,Daisy
410,Daisy Hookum,Daisy
411,Daisy Pennifold,Daisy
412,Damocles Belby,Damocles
413,Damocles Rowle,Damocles
414,Daphne Greengrass,Daphne
415,Darius Smackhammer,Darius
416,Dark Lord,Dark
417,Darren Floyd,Darren
418,Darren O'Hare,Darren
419,Davey Gudgeon,Davey
420,Roger Davies,Roger
421,John Dawlish,John
422,Dean Thomas,Dean
423,Dean Thomas' wizard father,Dean
424,Caradoc Dearborn,Caradoc
425,Death,Death
426,Death Eater with the baby head,Death
427,Dedalus Diggle,Dedalus
428,Apolline Delacour,Apolline
429,Delacour family,Delacour
430,Fleur Delacour,Fleur
431,Sir Patrick Delaney-Podmore,Sir
432,Lisette de Lapin,Lisette
433,Delfina Crimp,Delfina
434,Delphi,Delphi
435,Demelza Robins,Demelza
436,Demetrius J. Prod,Demetrius
437,Nearly-Headless Nick,Nearly-Headless
438,Dempster Wiggleswade,Dempster
439,Dennis,Dennis
440,Dennis Bishop,Dennis
441,Dennis Creevey,Dennis
442,Dennis Moon,Dennis
443,Bertrand de Pensées-Profondes,Bertrand
444,Derek,Derek
445,Derrick,Derrick
446,Dilys Derwent,Dilys
447,Derwent Shimpling,Derwent
448,Barnabas Deverill,Barnabas
449,Philbert Deverill,Philbert
450,Devlin Whitehorn,Devlin
451,Dexter Fortescue,Dexter
452,Diadema ,Diadema
453,Fernando Diaz,Fernando
454,Diggory,Diggory
455,Amos Diggory,Amos
456,Cedric Diggory,Cedric
457,Delphini Diggory,Delphini
458,Eldritch Diggory,Eldritch
459,Diggory family,Diggory
460,Dimitrov,Dimitrov
461,Harold Dingle,Harold
462,Dirk Cresswell,Dirk
463,Dishwasher at the Leaky Cauldron,Dishwasher
464,Emma Dobbs,Emma
465,Dobby,Dobby
466,Dodgy Dirk,Dodgy
467,Elphias Doge,Elphias
468,Antonin Dolohov,Antonin
469,Dolores Umbridge,Dolores
470,Dolores Umbridge's brother,Dolores
471,Dominique Weasley,Dominique
472,Donaghan Tremlett,Donaghan
473,Dorcas Meadowes,Dorcas
474,Dorcus Twelvetrees,Dorcus
475,Dorcas Wellbeloved,Dorcas
476,Dorea Black Potter,Dorea
477,Doris Crockford,Doris
478,Doris Purkiss,Doris
479,Ragmar Dorkins,Ragmar
480,J. Dorny,J.
481,Dot,Dot
482,Dougal,Dougal
483,Dougal McBride,Dougal
484,Dougal McGregor,Dougal
485,Distractible Douglas,Distractible
486,Draco Malfoy,Draco
487,Dimitar Draganov,Dimitar
488,Dragomir Despard,Dragomir
489,Dragomir Gorgovitch,Dragomir
490,Count Vlad Drakul,Count
491,Filibuster,Filibuster
492,Dr. Ubbly,Dr.
493,Druella Rosier,Druella
494,Dugald McPhail,Dugald
495,Irma Dugard,Irma
496,Matilda Dukelow,Matilda
497,Aberforth Dumbledore,Aberforth
498,Albus Dumbledore,Albus
499,Ariana Dumbledore,Ariana
500,Aurelius Dumbledore,Aurelius
501,Dumbledore family,Dumbledore
502,Kendra Dumbledore,Kendra
503,Percival Dumbledore,Percival
504,dumpy wizard with a large black moustache,dumpy
505,Dunbar Oglethorpe,Dunbar
506,B. Dunstan,B.
507,Priscilla Dupont,Priscilla
508,Dudley Dursley,Dudley
509,Dursley family,Dursley
510,Aunt Marge Dursley,Aunt
511,Petunia Dursley,Petunia
512,Vernon Dursley,Vernon
513,Dylan Marwood,Dylan
514,Dymphna Furmage,Dymphna
515,Dzou Yen,Dzou
516,Eargit the Ugly,Eargit
517,Earl of Paunchley,Earl
518,Lorcan d'Eath,Lorcan
519,Heinrich Eberstadt,Heinrich
520,Eddie Carmichael,Eddie
521,Edgar Bones,Edgar
522,Edgar Cloggs,Edgar
523,Edgar Stroulger,Edgar
524,Marietta Edgecombe,Marietta
525,Edmund Gaddlegate,Edmund
526,Teddy Lupin,Teddy
527,Ted Tonks,Ted
528,Egbert the Egregious,Egbert
529,Eglantine Puffett,Eglantine
530,Egmont Elvert Hobday,Egmont
531,Eileen Prince Snape,Eileen
532,Ekrizdis,Ekrizdis
533,elderly committee member of the Committee for the Disposal of Dangerous Creatures,elderly
534,Eldon Elsrickle,Eldon
535,Eldred Worple,Eldred
536,Eldritch Diggory,Eldritch
537,Eleanor Branstone,Eleanor
538,Elfric the Eager,Elfric
539,Elfrida Clagg,Elfrida
540,Elfrida Cragg,Elfrida
541,Eliana,Eliana
542,Elias Grimstone,Elias
543,Elias Story,Elias
544,Elizabeth McGilliguddy,Elizabeth
545,Elizabeth Smudgling,Elizabeth
546,Queen Elizabeth I,Queen
547,Elveira Elkins,Elveira
548,Elladora Black ,Elladora
549,Elladora Black ,Elladora
550,Elladora Guffy,Elladora
551,Elladora Ketteridge,Elladora
552,Ellen Cracknell,Ellen
553,Ellerby,Ellerby
554,Ellie Cattermole,Ellie
555,Elliot Smethwyck,Elliot
556,Elodie Dembélé,Elodie
557,Eloise Midgen/Eloise Midgeon,Eloise
558,Elphias Doge,Elphias
559,Elphinstone Urquart,Elphinstone
560,Elsie,Elsie
561,Elsie Prod,Elsie
562,Emeric the Evil,Emeric
563,Emeric Switch,Emeric
564,Emily Rappaport,Emily
565,Emma Dobbs,Emma
566,Emmeline Vance,Emmeline
567,Enid Smeek,Enid
568,Samuel Equiano,Samuel
569,Erica Stainwright,Erica
570,Eric Munch,Eric
571,Eric Whalley,Eric
572,Ernie Macmillan,Ernie
573,Ernie Prang,Ernie
574,Errol,Errol
575,Esposito,Esposito
576,Ethelbald Mordaunt,Ethelbald
577,Ethelred the Ever-Ready,Ethelred
578,Euan Abercrombie,Euan
579,Eugenia Jenkins,Eugenia
580,Eulalie Hicks,Eulalie
581,Eunice Murray,Eunice
582,Euphemia Potter,Euphemia
583,Euphemia Rowle,Euphemia
584,Eupraxia Mole,Eupraxia
585,Eurig Cadwallader,Eurig
586,Evangeline Orpington,Evangeline
587,Evan Rosier,Evan
588,Evans,Evans
589,Evans,Evans
590,Evans family,Evans
591,Everard,Everard
592,Archer Evermonde,Archer
593,Fabian Prewett,Fabian
594,Fabius Watkins,Fabius
595,Falco Aesalon,Falco
596,Perpetua Fancourt,Perpetua
597,Fang,Fang
598,"Faris ""Spout-hole"" Spavin",Faris
599,Gemma Farley,Gemma
600,The Fat Friar,The
601,The Fat Lady,The
602,Franziska Faust,Franziska
603,Miss S. Fawcett,Miss
604,Fawcett family,Fawcett
605,Fawkes,Fawkes
606,Fawley family,Fawley
607,Hector Fawley,Hector
608,Felix Summerbee,Felix
609,Fenrir Greyback,Fenrir
610,Benjy Fenwick,Benjy
611,Mervyn Fenwick,Mervyn
612,Ferdinand Jägendorf,Ferdinand
613,Fergus,Fergus
614,Fernando Diaz,Fernando
615,Fifi LaFolle,Fifi
616,Figg,Figg
617,Argus Filch,Argus
618,Filibuster,Filibuster
619,Finbar Quigley,Finbar
620,Finch-Fletchley,Finch-Fletchley
621,Finch-Fletchley,Finch-Fletchley
622,Finch-Fletchley family,Finch-Fletchley
623,Fingal the Fearless,Fingal
624,Barnabus Finkley,Barnabus
625,Finn,Finn
626,Finnigan,Finnigan
627,Finnigan,Finnigan
628,Finnigan family,Finnigan
629,Seamus Finnigan,Seamus
630,Firenze,Firenze
631,Wilhelm Fischer,Wilhelm
632,Basil Flack,Basil
633,O'Flaherty,O'Flaherty
634,Ortiz O'Flaherty,Ortiz
635,Nicolas Flamel,Nicolas
636,Perenelle Flamel,Perenelle
637,Flavius Belby,Flavius
638,Fleamont Potter,Fleamont
639,Fleetwood,Fleetwood
640,Hedley Fleetwood,Hedley
641,Able Fleming,Able
642,Mundungus Fletcher,Mundungus
643,Laurentia Fletwock,Laurentia
644,Fleur Delacour,Fleur
645,Fleur's Veela grandmother,Fleur's
646,Flint family,Flint
647,Josephina Flint,Josephina
648,Marcus Flint,Marcus
649,Filius Flitwick,Filius
650,Florean Fortescue,Florean
651,Florence,Florence
652,Gonçalo Flores,Gonçalo
653,Darren Floyd,Darren
654,Fluffy,Fluffy
655,Flurry,Flurry
656,Agilbert Fontaine,Agilbert
657,Fontaine family,Fontaine
658,Theodard Fontaine,Theodard
659,Food Trolley Lady aboard Hogwarts Express,Food
660,Dexter Fortescue,Dexter
661,Frank,Frank
662,Frank Bryce,Frank
663,Frank Longbottom,Frank
664,Fred Weasley,Fred
665,Fred Weasley ,Fred
666,Otmar Frick,Otmar
667,Fridwulfa,Fridwulfa
668,Colonel Fubster,Colonel
669,Fudge,Fudge
670,Cornelius Fudge,Cornelius
671,Fudge family,Fudge
672,Rufus Fudge,Rufus
673,Fulbert the Fearful,Fulbert
674,Dymphna Furmage,Dymphna
675,Gabrielle Delacour,Gabrielle
676,Gabriel Truman,Gabriel
677,Edmund Gaddlegate,Edmund
678,Brian Gadwilde,Brian
679,Galatea Merrythought,Galatea
680,Ottaline Gambol,Ottaline
681,Gamp family,Gamp
682,Ulick Gamp,Ulick
683,gang of sixth-year girls susceptible to fame and glamour,gang
684,gang of Slytherin girls,gang
685,Garrick Ollivander,Garrick
686,Garvin Lünger,Garvin
687,Gaspard Shingleton,Gaspard
688,Corvinus Gaunt,Corvinus
689,Gaunt family,Gaunt
690,Marvolo Gaunt,Marvolo
691,Merope Gaunt,Merope
692,Morfin Gaunt,Morfin
693,Gawain Robards,Gawain
694,Gemma Farley,Gemma
695,Ferdinand Jägendorf,Ferdinand
696,Geoffrey Hooper,Geoffrey
697,George Weasley,George
698,Georgina Smyth,Georgina
699,Georgios Xenakis,Georgios
700,Georgi Zdravko,Georgi
701,Geraint Ollivander,Geraint
702,Gerbold Octavius Ollivander,Gerbold
703,Gerda Curd,Gerda
704,Gertie Keddle,Gertie
705,Gervaise Ollivander,Gervaise
706,Ghost of a knight with an arrow sticking out of his forehead,Ghost
707,Ghost of a ragged man wearing chains,Ghost
708,Ghosts of gloomy nuns,Ghosts
709,ghouls,ghouls
710,Gibbon,Gibbon
711,Gideon Crumb,Gideon
712,Gideon Flatworthy,Gideon
713,Gideon Prewett,Gideon
714,Gifford Ollerton,Gifford
715,Gilbert Wimple,Gilbert
716,Gilderoy Lockhart,Gilderoy
717,Ginny Weasley,Ginny
718,Gladys Boothby,Gladys
719,Glanmore Peakes,Glanmore
720,Glenda Chittock,Glenda
721,Glinda Crook,Glinda
722,Glover Hipworth,Glover
723,Gnarlak,Gnarlak
724,Godelot,Godelot
725,Anthony Goldstein,Anthony
726,Goldstein family,Goldstein
727,Queenie Goldstein,Queenie
728,Golgomath,Golgomath
729,Goliath,Goliath
730,Golpalott,Golpalott
731,Gonçalo Flores,Gonçalo
732,Gondoline Oliphant,Gondoline
733,Arsenia Gonzales,Arsenia
734,Goodwin Kneen,Goodwin
735,Gordon,Gordon
736,Hesphaestus Gore,Hesphaestus
737,Dragomir Gorgovitch,Dragomir
738,Gormlaith Gaunt,Gormlaith
739,Gornuk,Gornuk
740,Goshawk family,Goshawk
741,Diadema ,Diadema
742,Miranda Goshawk ,Miranda
743,Romilda ,Romilda
744,Tangwystl ,Tangwystl
745,Goyle Sr.,Goyle
746,Goyle family,Goyle
747,Graham Pritchard,Graham
748,Granger,Granger
749,Granger,Granger
750,Granger family,Granger
751,Hermione Granger,Hermione
752,Hugo Granger-Weasley,Hugo
753,Rose Granger-Weasley,Rose
754,Granville Jorkins,Granville
755,Graves family,Graves
756,Gondulphus Graves,Gondulphus
757,Merton Graves,Merton
758,Percival Graves,Percival
759,Grawp,Grawp
760,Great Auntie Enid,Great
761,The Great Humberto,The
762,Great Uncle Algie,Great
763,Greek chappie,Greek
764,Astoria Greengrass,Astoria
765,Daphne Greengrass,Daphne
766,Greengrass family,Greengrass
767,Gregorovitch,Gregorovitch
768,Gregory Cotton,Gregory
769,Gregory Goyle,Gregory
770,Gregory the Smarmy,Gregory
771,Greta Catchlove,Greta
772,Fenrir Greyback,Fenrir
773,The Grey Lady,The
774,Glynnis Griffiths,Glynnis
775,Wilda Griffiths,Wilda
776,Grimmson,Grimmson
777,Robert Grimsditch,Robert
778,Elias Grimstone,Elias
779,Grimwold Jorkins,Grimwold
780,Gellert Grindelwald,Gellert
781,Gringott,Gringott
782,Griphook,Griphook
783,Griselda Harmonia Jorkins,Griselda
784,Griselda Marchbanks,Griselda
785,Grizel Hurtz,Grizel
786,Grogan Stump,Grogan
787,group of witches from the Salem Witches' Institute,group
788,Stoyanka Grozda,Stoyanka
789,Wilhelmina Grubbly-Plank,Wilhelmina
790,grubby-looking wizard,grubby-looking
791,Grugwyn Rufford,Grugwyn
792,Alberic Grunnion,Alberic
793,Godric Gryffindor,Godric
794,Malodora Grymm,Malodora
795,Davey Gudgeon,Davey
796,Galvin Gudgeon,Galvin
797,Gladys Gudgeon,Gladys
798,Elladora Guffy,Elladora
799,Zamira Gulch,Zamira
800,Gulliver Pokeby,Gulliver
801,Alastor Gumboil,Alastor
802,Gunhilda of Gorsemoor,Gunhilda
803,Gunhilda Kneen,Gunhilda
804,Gurg,Gurg
805,Guthrie Lochrin,Guthrie
806,Arnold Guzman,Arnold
807,Gwendolyn Morgan,Gwendolyn
808,Gwenog,Gwenog
809,Gwenog Jones,Gwenog
810,Hagrid family,Hagrid
811,Hagrid's father,Hagrid's
812,Hambledon Quince,Hambledon
813,Hamish MacFarlan,Hamish
814,Hankerton Humble,Hankerton
815,Hannah Abbott,Hannah
816,Hannah Cockleford,Hannah
817,Hans the Augurey,Hans
818,"Hardwin, son of Linfred of Stinchcombe","Hardwin,"
819,Darren O'Hare,Darren
820,Harfang Longbottom,Harfang
821,Harfang Munter,Harfang
822,Ciceron Harkiss,Ciceron
823,Harold Dingle,Harold
824,Harold Minchum,Harold
825,Harold Skively,Harold
826,Harper,Harper
827,Harry Potter,Harry
828,Harvey Ridgebit,Harvey
829,Hassan Mostafa,Hassan
830,Havelock Sweeting,Havelock
831,head of the Bulgarian Department of Magical Games and Sports,head
832,Nearly-Headless Nick,Nearly-Headless
833,Heathcote Barbary,Heathcote
834,Hector Bolobolo,Hector
835,Hector Dagworth-Granger,Hector
836,Hector Fawley,Hector
837,Hector Lamont,Hector
838,Hedley Fleetwood,Hedley
839,Hedwig,Hedwig
840,Cornelius Agrippa,Cornelius
841,Heinrich Eberstadt,Heinrich
842,Helena Ravenclaw,Helena
843,The Grey Lady,The
844,Heliotrope Willis,Heliotrope
845,Helmut Weiss,Helmut
846,Hengist of Upper Barnton,Hengist
847,Hengist of Woodcroft,Hengist
848,King Henry VI,King
849,Henry,Henry
850,"Henry ""Harry"" Potter",Henry
851,Henry Shaw,Henry
852,Henry Shaw Jr.,Henry
853,Hepzibah Smith,Hepzibah
854,Herbert Beery,Herbert
855,Herbert Burke,Herbert
856,Herbert Chorley,Herbert
857,Helbert Spleen,Helbert
858,Hereward,Hereward
859,Herman Junker,Herman
860,Herman Wintringham,Herman
861,Hermes,Hermes
862,Hermione Granger,Hermione
863,Herpo the Foul,Herpo
864,Hesper Gamp,Hesper
865,Hesper Starkey,Hesper
866,Hesphaestus Gore,Hesphaestus
867,Hestia Jones,Hestia
868,Hetty Bayliss,Hetty
869,Eulalie Hicks,Eulalie
870,Shanice Higgins,Shanice
871,Bertie Higgs,Bertie
872,Hippocrates Smethwyck,Hippocrates
873,Bob Hitchens,Bob
874,Hobday family,Hobday
875,Egmont Elvert Hobday,Egmont
876,Hilliard Hobday,Hilliard
877,Violetta Hobday,Violetta
878,Hodrod the Horny-Handed,Hodrod
879,Hogwarts governors,Hogwarts
880,Hogwarts house-elves,Hogwarts
881,Hokey,Hokey
882,Honest Willy Wagstaff,Honest
883,Masaki Hongo,Masaki
884,Honoria,Honoria
885,Honoria's fiance,Honoria's
886,Honoria Nutcombe,Honoria
887,Madam Hooch,Madam
888,Daisy Hookum,Daisy
889,Geoffrey Hooper,Geoffrey
890,Mafalda Hopkirk,Mafalda
891,Hoppy,Hoppy
892,Kevin Hopwood,Kevin
893,Horace Slughorn,Horace
894,Olive Hornby,Olive
895,Hortensia Milliphutt,Hortensia
896,Basil Horton,Basil
897,Hope Howell Lupin,Hope
898,Howland Coopey,Howland
899,Helga Hufflepuff,Helga
900,Hugo Granger-Weasley,Hugo
901,Humphrey Belcher,Humphrey
902,Grizel Hurtz,Grizel
903,Clairvius Hyppolite,Clairvius
904,Helixa Hyslop,Helixa
905,Royston Idlewind,Royston
906,Idris Oakby,Idris
907,Iefan Rice,Iefan
908,Ignatia Wildsmith,Ignatia
909,Ignatius Prewett,Ignatius
910,Ignatius Tuft,Ignatius
911,Ignotus Peverell,Ignotus
912,Igor Karkaroff,Igor
913,Illyius,Illyius
914,Ingolfr the Iambic,Ingolfr
915,Inigo Imago,Inigo
916,Injured girl comforted by Ginny,Injured
917,Iola Black,Iola
918,Iolanthe Peverell,Iolanthe
919,Irene Kneedander,Irene
920,Irish Leprechauns,Irish
921,Irma Crabbe,Irma
922,Irma Dugard,Irma
923,Irma Pince,Irma
924,Irving Warble,Irving
925,Isadora Rose,Isadora
926,Isobel McGonagall,Isobel
927,Isobel Ross,Isobel
928,Isolt Sayre,Isolt
929,Ivanova,Ivanova
930,Ivan Popa,Ivan
931,Ivor Dillonsby,Ivor
932,Jack Sloper,Jack
933,Josiah Jackson,Josiah
934,Jacob Kowalski,Jacob
935,Jacques Miskine,Jacques
936,James Potter,James
937,James Sirius Potter,James
938,James Steward,James
939,Janus Thickey,Janus
940,Jarleth Hobart,Jarleth
941,Mary Jauncey,Mary
942,Jazz singer,Jazz
943,Bonawentura Wójcik,Bonawentura
944,Jean-Baptiste Bloncourt,Jean-Baptiste
945,Karl Jenkins,Karl
946,Jackie Jernigan,Jackie
947,Leonard Jewkes,Leonard
948,Arsenius Jigger,Arsenius
949,Jim McGuffin,Jim
950,Jimmy Peakes,Jimmy
951,João Coelho,João
952,Jocunda Sykes,Jocunda
953,Joey Jenkins,Joey
954,Johannes Jonker,Johannes
955,John Dawlish,John
956,Angelina Johnson,Angelina
957,Sylvian Jolicoeur,Sylvian
958,Gwenog Jones,Gwenog
959,Hestia Jones,Hestia
960,Jordan,Jordan
961,Jordan family,Jordan
962,Lee Jordan,Lee
963,Jorkins family,Jorkins
964,Albert Jorkins,Albert
965,Bertha Jorkins,Bertha
966,Granville Jorkins,Granville
967,Grimwold Jorkins,Grimwold
968,Griselda Harmonia Jorkins,Griselda
969,Primrose Jorkins,Primrose
970,Stamford Jorkins,Stamford
971,José Barboza,José
972,Joscelind Wadcock,Joscelind
973,Josefina Calderon,Josefina
974,Josef Wronski,Josef
975,Josephina Flint,Josephina
976,Joseph Snuka,Joseph
977,Joshua Sankara,Joshua
978,Josiah Plunkett,Josiah
979,Jugson,Jugson
980,Herman Junker,Herman
981,Justin Finch-Fletchley,Justin
982,Justus Pilliwickle,Justus
983,Laurena Kama,Laurena
984,Igor Karkaroff,Igor
985,Karkus,Karkus
986,Karl Jenkins,Karl
987,Karl and Kevin Broadmoor,Karl
988,Karl Wang,Karl
989,Katie Bell,Katie
990,Roland Kegg,Roland
991,Kendra Dumbledore,Kendra
992,Kenneth Towler,Kenneth
993,Kennilworthy Whisp,Kennilworthy
994,Silvanus Kettleburn,Silvanus
995,Kevin,Kevin
996,Kevin Entwhistle,Kevin
997,Kevin Hopwood,Kevin
998,Kevin's parents,Kevin's
999,Kevin Whitby,Kevin
1000,Aidan Kiely,Aidan
1001,King Arthur,King
1002,King George III,King
1003,King Henry VI,King
1004,Kingsley Shacklebolt,Kingsley
1005,King William I,King
1006,Andrew Kirke,Andrew
1007,Kirley Duke,Kirley
1008,Porteus Knatchbull,Porteus
1009,Irene Kneedander,Irene
1010,Jacob Kowalski,Jacob
1011,Quentin Kowalski,Quentin
1012,Kquewanda Bailey,Kquewanda
1013,Krafft,Krafft
1014,Krall,Krall
1015,Kreacher,Kreacher
1016,Sigrid Kristoffersen,Sigrid
1017,Krum,Krum
1018,Krum,Krum
1019,Viktor Krum,Viktor
1020,Kimiko Kurosawa,Kimiko
1021,Lachlan the Lanky,Lachlan
1022,Ladislaw Zamojski,Ladislaw
1023,Lady Carmilla Sanguina,Lady
1024,Lady Grieve,Lady
1025,Fifi LaFolle,Fifi
1026,Stubby Lamont,Stubby
1027,Lamont family,Lamont
1028,Hector Lamont,Hector
1029,Lancelot,Lancelot
1030,Landislaw Zamojski,Landislaw
1031,landlady of the Green Dragon,landlady
1032,landlord of The Hanged Man,landlord
1033,Langdon Shaw,Langdon
1034,Laura Madley,Laura
1035,Laurena Kama,Laurena
1036,Laurentia Fletwock,Laurentia
1037,Lavender Brown,Lavender
1038,Laverne de Montmorency,Laverne
1039,Artemius Lawson,Artemius
1040,Nobby Leach,Nobby
1041,Leanne,Leanne
1042,Lee Jordan,Lee
1043,left with black-and-white hair for a while,left
1044,Lenelle Paraison,Lenelle
1045,Lennox Campbell,Lennox
1046,Leonard Jewkes,Leonard
1047,Leonard Spencer-Moon,Leonard
1048,Leopoldina Smethwyk,Leopoldina
1049,Corvus Lestrange Jr.,Corvus
1050,Corvus Lestrange Sr.,Corvus
1051,Lestrange family,Lestrange
1052,Leta Lestrange,Leta
1053,Radolphus Lestrange,Radolphus
1054,Leticia Somnolens,Leticia
1055,Levina Monkstanley,Levina
1056,Levski,Levski
1057,Bogomil Levski,Bogomil
1058,Levski family,Levski
1059,Libatius Borage,Libatius
1060,Lilith Molesby,Lilith
1061,Lily Moon,Lily
1062,Lily Luna Potter,Lily
1063,Lily Potter,Lily
1064,Linfred of Stinchcombe,Linfred
1065,Lisa Turpin,Lisa
1066,Lisette de Lapin,Lisette
1067,Sue Li,Sue
1068,Livius,Livius
1069,Dangerous Dai Llewellyn,Dangerous
1070,Gilderoy Lockhart,Gilderoy
1071,"Augusta ""Gran"" Longbottom",Augusta
1072,Longbottom family,Longbottom
1073,Neville Longbottom,Neville
1074,Carlos Lopez,Carlos
1075,Lorcan d'Eath,Lorcan
1076,Lorcan McLaird,Lorcan
1077,Lorcan Scamander,Lorcan
1078,Lord North,Lord
1079,Lord Palmerston,Lord
1080,Lord Stoddard Withers,Lord
1081,Lord Voldemort,Lord
1082,Louis Weasley,Louis
1083,Lovegood family,Lovegood
1084,Luna Lovegood,Luna
1085,Loxias,Loxias
1086,Lucas Bargeworthy,Lucas
1087,Lucas Picquery,Lucas
1088,Luciano Volpi,Luciano
1089,Lucius Malfoy ,Lucius
1090,Lucius Malfoy,Lucius
1091,Luc Millefeuille,Luc
1092,Lucretia Black,Lucretia
1093,Lucy Weasley,Lucy
1094,Ludo Bagman,Ludo
1095,Artemisia Lufkin,Artemisia
1096,Lars Lundekvam,Lars
1097,Teddy Lupin,Teddy
1098,Lupin family,Lupin
1099,Remus Lupin,Remus
1100,Lyall Lupin,Lyall
1101,Lycoris Black,Lycoris
1102,Aidan Lynch,Aidan
1103,Lysander Scamander,Lysander
1104,Lysandra Yaxley,Lysandra
1105,MacBoon family,MacBoon
1106,Morag Macdougal,Morag
1107,Macduff,Macduff
1108,Mungo MacDuff,Mungo
1109,Hamish MacFarlan,Hamish
1110,MacFusty clan,MacFusty
1111,Ernie Macmillan,Ernie
1112,Macmillan family,Macmillan
1113,Walden Macnair,Walden
1114,Torquil MacTavish,Torquil
1115,Madame Bonhabille,Madame
1116,Madam Edgecombe,Madam
1117,Madam Eloise Mintumble,Madam
1118,Griselda Marchbanks,Griselda
1119,Madam Hooch,Madam
1120,Madam Marsh,Madam
1121,Madam Z. Nettles,Madam
1122,Irma Pince,Irma
1123,Madam Primpernelle,Madam
1124,Madam Puddifoot,Madam
1125,Madam Rosmerta,Madam
1126,Madam Ya Zhou,Madam
1127,Alasdair Maddock,Alasdair
1128,Queen Maeve,Queen
1129,Mafalda,Mafalda
1130,Mafalda Hopkirk,Mafalda
1131,Magenta Comstock,Magenta
1132,"Magnus ""Dent Head"" Macdonald",Magnus
1133,Magorian,Magorian
1134,maid at the Riddle House,maid
1135,Maisie Cattermole,Maisie
1136,Malcolm,Malcolm
1137,Malcolm Baddock,Malcolm
1138,Malcolm McGonagall,Malcolm
1139,Malécrit,Malécrit
1140,male student who accidentally Transfigured his friend into a badger,male
1141,Abraxas Malfoy,Abraxas
1142,Armand Malfoy,Armand
1143,Brutus Malfoy,Brutus
1144,Draco Malfoy,Draco
1145,Malfoy family,Malfoy
1146,Lucius Malfoy ,Lucius
1147,Lucius Malfoy,Lucius
1148,Narcissa Malfoy,Narcissa
1149,Nicholas Malfoy,Nicholas
1150,Scorpius Malfoy,Scorpius
1151,Septimus Malfoy,Septimus
1152,Madam Malkin,Madam
1153,Mallory Twiddle,Mallory
1154,Malodora Grymm,Malodora
1155,Roger Malone,Roger
1156,manager of Flourish and Blotts,manager
1157,Mandy Brocklehurst,Mandy
1158,Marcus Belby,Marcus
1159,Marcus Flint,Marcus
1160,Marietta Edgecombe,Marietta
1161,Marius,Marius
1162,Marius Black,Marius
1163,Aunt Marge Dursley,Aunt
1164,Mark Evans,Mark
1165,Marlene McKinnon,Marlene
1166,Marlow,Marlow
1167,"Martha, mother of James Steward","Martha,"
1168,Martha Sayre Steward's husband,Martha
1169,Martha Steward,Martha
1170,Martin Miggs,Martin
1171,Marvolo Gaunt,Marvolo
1172,Mary Dorkins,Mary
1173,Mary Elizabeth Cattermole,Mary
1174,Mary Jauncey,Mary
1175,Mary Lou Barebone,Mary
1176,Mary MacDonald,Mary
1177,Masaki Hongo,Masaki
1178,and Mason,and
1179,Matilda Dukelow,Matilda
1180,Mauler,Mauler
1181,Olympe Maxime,Olympe
1182,Maximillian Crowdy,Maximillian
1183,Maximus Brankovitch III,Maximus
1184,Dougal McBride,Dougal
1185,McClaggan,McClaggan
1186,McClivert Clan,McClivert
1187,Catriona McCormack,Catriona
1188,Meaghan McCormack,Meaghan
1189,Natalie McDonald,Natalie
1190,Elizabeth McGilliguddy,Elizabeth
1191,McGonagall family,McGonagall
1192,Minerva McGonagall,Minerva
1193,"Robert McGonagall, The Reverend",Robert
1194,Jim McGuffin,Jim
1195,Cormac McLaggen,Cormac
1196,Lorcan McLaird,Lorcan
1197,Cormack McLeod,Cormack
1198,Dugald McPhail,Dugald
1199,Quintia McQuoid,Quintia
1200,Tarquin McTavish,Tarquin
1201,Dorcas Meadowes,Dorcas
1202,Megan Jones,Megan
1203,Melania Macmillan,Melania
1204,Araminta Meliflua,Araminta
1205,Melinda Bobbin,Melinda
1206,Melusine,Melusine
1207,members of the Accidental Magic Reversal Squad,members
1208,Mercy Ojukwu,Mercy
1209,Mercy Wardwell,Mercy
1210,Merlin,Merlin
1211,Merope Gaunt,Merope
1212,Galatea Merrythought,Galatea
1213,Merton Graves,Merton
1214,Mervyn Fenwick,Mervyn
1215,Merwyn the Malicious,Merwyn
1216,Mentor Metaxas,Mentor
1217,Michael Corner,Michael
1218,Eloise Midgen/Eloise Midgeon,Eloise
1219,Miles Bletchley,Miles
1220,Luc Millefeuille,Luc
1221,Millicent Bagnold,Millicent
1222,Millicent Bulstrode,Millicent
1223,Hortensia Milliphutt,Hortensia
1224,Milly,Milly
1225,Minette Lestrange,Minette
1226,Ministry wizard dealing with Archie,Ministry
1227,Ministry wizard dealing with toy broomstick incident,Ministry
1228,Ministry wizard in plus-fours,Ministry
1229,Ministry wizards who carry the World Cup up to the Top Box,Ministry
1230,Ministry wizards who separate the Veela from the Leprechauns,Ministry
1231,Ministry wizard in tweed suit and galoshes with large gold watch,Ministry
1232,Mirabella Plunkett,Mirabella
1233,Miranda Goshawk ,Miranda
1234,Miranda Goshawk ,Miranda
1235,Miriam Strout,Miriam
1236,Jacques Miskine,Jacques
1237,Mnemone Radford,Mnemone
1238,Cuthbert Mockridge,Cuthbert
1239,Modesty Barebone,Modesty
1240,Modesty Rabnott,Modesty
1241,Arnulf Moe,Arnulf
1242,Eupraxia Mole,Eupraxia
1243,Lilith Molesby,Lilith
1244,Molly Weasley ,Molly
1245,Molly Weasley,Molly
1246,Momolou Wotorson,Momolou
1247,Monica Wilkins,Monica
1248,Monsieur Delacour,Monsieur
1249,and Montague,and
1250,Montague,Montague
1251,Montague Knightly,Montague
1252,Montgomery sisters,Montgomery
1253,Mad-Eye Moody,Mad-Eye
1254,Dennis Moon,Dennis
1255,Regulus Moonshine,Regulus
1256,Mopsus ,Mopsus
1257,Mopsus ,Mopsus
1258,Mopsy Fleabert,Mopsy
1259,Moran,Moran
1260,Ethelbald Mordaunt,Ethelbald
1261,Morfin Gaunt,Morfin
1262,Morgan,Morgan
1263,Gwendolyn Morgan,Gwendolyn
1264,Morgana / Morgan le Fay,Morgana
1265,Valmai Morgan,Valmai
1266,Morholt,Morholt
1267,Morrigan,Morrigan
1268,Mortlake,Mortlake
1269,Mosag,Mosag
1270,Hassan Mostafa,Hassan
1271,Old Mother Hubbard,Old
1272,three Muggle boys who attack Ariana,three
1273,Muggle postal carrier on the Ottery St Catchpole route,Muggle
1274,Muggle postal carrier on the Privet Drive route,Muggle
1275,Muggle Prime Minister,Muggle
1276,three Muggle taxi drivers,three
1277,Muggle tramp,Muggle
1278,Mulciber,Mulciber
1279,Burdock Muldoon,Burdock
1280,Mullet,Mullet
1281,Zacharias Mumps,Zacharias
1282,Eric Munch,Eric
1283,Mundungus Fletcher,Mundungus
1284,Mungo Bonham,Mungo
1285,Harfang Munter,Harfang
1286,Murcus,Murcus
1287,Auntie Muriel,Auntie
1288,Eunice Murray,Eunice
1289,Musidora Barkwith,Musidora
1290,Mustafa Kama,Mustafa
1291,Mylor Sylvanus,Mylor
1292,Myron Otherhaus,Myron
1293,Myron Wagtail,Myron
1294,Myrtle Warren,Myrtle
1295,Moaning Myrtle,Moaning
1296,Nagel,Nagel
1297,Nagini,Nagini
1298,Nagnok,Nagnok
1299,Narcissa Malfoy,Narcissa
1300,Narinder Singh,Narinder
1301,Natalie McDonald,Natalie
1302,Niko Nenad,Niko
1303,Nerida Vulchanova,Nerida
1304,Neville's Grandad,Neville's
1305,Neville Longbottom,Neville
1306,Newt Scamander,Newt
1307,Newt Scamander's mother,Newt
1308,Ngapo Ponika,Ngapo
1309,Nearly-Headless Nick,Nearly-Headless
1310,Nicholas Malfoy,Nicholas
1311,Nicolas Flamel,Nicolas
1312,Phineas Nigellus Black,Phineas
1313,Nikola Vassileva,Nikola
1314,Nobby Leach,Nobby
1315,Norbert/Norberta,Norbert/Norberta
1316,Noriko Sato,Noriko
1317,Norris,Norris
1318,Norvel Twonk,Norvel
1319,Nott,Nott
1320,Cantankerus Nott,Cantankerus
1321,Nott family,Nott
1322,Theodore Nott,Theodore
1323,Günther the Violent,Günther
1324,Nugent Potts,Nugent
1325,Nymphadora Tonks,Nymphadora
1326,Idris Oakby,Idris
1327,Oakden Hobday,Oakden
1328,Otto Obermeier,Otto
1329,Oblansk ,Oblansk
1330,Octavius Pepper,Octavius
1331,Winkus Oddpick,Winkus
1332,Oddvar Spillum,Oddvar
1333,Odo the Hero,Odo
1334,Ogden,Ogden
1335,Bob Ogden,Bob
1336,Tiberius Ogden,Tiberius
1337,Ogg,Ogg
1338,Dunbar Oglethorpe,Dunbar
1339,Mercy Ojukwu,Mercy
1340,Aliko Okoye,Aliko
1341,Olaf,Olaf
1342,Olive Hornby,Olive
1343,Olive Hornby's brother,Olive
1344,Oliver Rivers,Oliver
1345,Oliver Wood,Oliver
1346,Oliver Wood's parents,Oliver
1347,Ollivander family,Ollivander
1348,Garrick Ollivander,Garrick
1349,Geraint Ollivander,Geraint
1350,Gerbold Octavius Ollivander,Gerbold
1351,Gervaise Ollivander,Gervaise
1352,Olympe Maxime,Olympe
1353,through the Omnioculars,through
1354,Oona,Oona
1355,Orabella Nuttley,Orabella
1356,Orford Umbridge,Orford
1357,Orion Black,Orion
1358,Orla Quirke,Orla
1359,Orsino Thruston,Orsino
1360,Ortiz O'Flaherty,Ortiz
1361,Unctuous Osbert,Unctuous
1362,Oswald Beamish,Oswald
1363,Myron Otherhaus,Myron
1364,Otmar Frick,Otmar
1365,Ottaline Gambol,Ottaline
1366,Otto Bagman,Otto
1367,Owen Cauldwell,Owen
1368,Pandora Lovegood,Pandora
1369,Panju Weasley,Panju
1370,Paracelsus,Paracelsus
1371,Lenelle Paraison,Lenelle
1372,parents of the two young witches on toy broomsticks,parents
1373,Parkin family,Parkin
1374,Parkinson family,Parkinson
1375,Pansy Parkinson,Pansy
1376,Perseus Parkinson,Perseus
1377,Walter Parkin,Walter
1378,and Patil,and
1379,Padma Patil,Padma
1380,Parvati Patil,Parvati
1381,Patricia Stimpson,Patricia
1382,Patrick,Patrick
1383,Sir Patrick Delaney-Podmore,Sir
1384,patrons at the Hanged Man,patrons
1385,Randolph Pauncefoot,Randolph
1386,Paws,Paws
1387,Payne,Payne
1388,Jimmy Peakes,Jimmy
1389,Abraham Peasegood,Abraham
1390,Arnie Peasegood,Arnie
1391,Angelus Peel,Angelus
1392,Peeves,Peeves
1393,Penelope Clearwater,Penelope
1394,Daisy Pennifold,Daisy
1395,Miss Pennyfeather,Miss
1396,Phoebus Penrose,Phoebus
1397,Percival Dumbledore,Percival
1398,Percival Graves,Percival
1399,Percy Weasley,Percy
1400,Perenelle Flamel,Perenelle
1401,Perkins,Perkins
1402,Perkins ,Perkins
1403,Sally-Anne Perks,Sally-Anne
1404,Perpetua Fancourt,Perpetua
1405,Petrova Porskoff,Petrova
1406,Peter Pettigrew's mother,Peter
1407,Peter Pettigrew,Peter
1408,Petunia Dursley,Petunia
1409,Antioch Peverell,Antioch
1410,Peverell family,Peverell
1411,Iolanthe Peverell,Iolanthe
1412,Thorsten Pfeffer,Thorsten
1413,Philbert Deverill,Philbert
1414,Phineas Black,Phineas
1415,Phineas Fletcher,Phineas
1416,Phineas Nigellus Black,Phineas
1417,photographer for the Daily Prophet,photographer
1418,Phyllida Spore,Phyllida
1419,Pickett,Pickett
1420,Lucas Picquery,Lucas
1421,Pierre Bonaccord,Pierre
1422,Piers Polkiss,Piers
1423,Pigwidgeon,Pigwidgeon
1424,Justus Pilliwickle,Justus
1425,Bernie Pillsworth,Bernie
1426,Irma Pince,Irma
1427,Carlotta Pinkstone,Carlotta
1428,Pinky,Pinky
1429,Dagbert Pips,Dagbert
1430,Pius Thicknesse,Pius
1431,platform guard,platform
1432,Yardley Platt,Yardley
1433,Josiah Plunkett,Josiah
1434,Mirabella Plunkett,Mirabella
1435,Samuel Plunkett,Samuel
1436,Gulliver Pokeby,Gulliver
1437,Royden Poke,Royden
1438,Poliakoff,Poliakoff
1439,Polkiss,Polkiss
1440,Pollux Black,Pollux
1441,Polly Chapman,Polly
1442,Pomona Sprout,Pomona
1443,Ngapo Ponika,Ngapo
1444,Ivan Popa,Ivan
1445,Poppy,Poppy
1446,Poppy Pomfrey,Poppy
1447,Quong Po,Quong
1448,Tina Goldstein,Tina
1449,Porteus Knatchbull,Porteus
1450,Portkey Tout,Portkey
1451,Portly ghost who was almost eating,Portly
1452,"Martha, mother of James Steward","Martha,"
1453,Abraham Potter,Abraham
1454,Albus Potter,Albus
1455,Charlus Potter,Charlus
1456,Potter family,Potter
1457,Fleamont Potter,Fleamont
1458,Harry Potter,Harry
1459,"Henry ""Harry"" Potter",Henry
1460,James Potter,James
1461,James Sirius Potter,James
1462,Lily Luna Potter,Lily
1463,Lily Potter,Lily
1464,Potter nee Fleamont,Potter
1465,Nugent Potts,Nugent
1466,Ernie Prang,Ernie
1467,Prendergast,Prendergast
1468,Prentice,Prentice
1469,Fabian Prewett,Fabian
1470,Prewett family,Prewett
1471,Gideon Prewett,Gideon
1472,Madam Primpernelle,Madam
1473,Primrose Jorkins,Primrose
1474,Pringle,Pringle
1475,Priscilla Dupont,Priscilla
1476,Graham Pritchard,Graham
1477,D.J. Prod,D.J.
1478,Prod,Prod
1479,Prod family,Prod
1480,Demetrius J. Prod,Demetrius
1481,Elsie Prod,Elsie
1482,Professor Binns,Professor
1483,Helbert Spleen,Helbert
1484,Professor Mordicus Egg,Professor
1485,Quirinus Quirrell,Quirinus
1486,Professor Saul Croaker,Professor
1487,Professor Sinistra,Professor
1488,Professor Tofty,Professor
1489,Professor Vector,Professor
1490,Wilhelmina Grubbly-Plank,Wilhelmina
1491,Proudfoot,Proudfoot
1492,Prudence,Prudence
1493,Ptolemy,Ptolemy
1494,Adrian Pucey,Adrian
1495,Doris Purkiss,Doris
1496,Augustus Pye,Augustus
1497,Quintia Qarase,Quintia
1498,Samuel G. Quahog,Samuel
1499,Queen Elizabeth I,Queen
1500,Queenie Goldstein,Queenie
1501,Queenie Greengrass,Queenie
1502,Queen Maeve,Queen
1503,Queen Victoria,Queen
1504,Quentin Kowalski,Quentin
1505,Quentin Trimble,Quentin
1506,The Quibbler's Ministry insider source,The
1507,Quigley,Quigley
1508,Finbar Quigley,Finbar
1509,Hambledon Quince,Hambledon
1510,Quintia McQuoid,Quintia
1511,Quintius Umfraville,Quintius
1512,Quintus Harcourt,Quintus
1513,Ballyfumble Stranger,Ballyfumble
1514,Orla Quirke,Orla
1515,Quirinus Quirrell,Quirinus
1516,Quong Po,Quong
1517,Rabastan Lestrange,Rabastan
1518,Modesty Rabnott,Modesty
1519,Urquhart Rackharrow,Urquhart
1520,Raczidian,Raczidian
1521,Mnemone Radford,Mnemone
1522,Radolphus Lestrange,Radolphus
1523,Radolphus Pittiman,Radolphus
1524,Radulf,Radulf
1525,Rafael Santos,Rafael
1526,Ragmar Dorkins,Ragmar
1527,Ragnok the Pigeon-Toed,Ragnok
1528,Ragnuk the First,Ragnuk
1529,Ralston Potter,Ralston
1530,Rancorous Carpe,Rancorous
1531,Randolph Keitch,Randolph
1532,Randolph Pauncefoot,Randolph
1533,Randolph Spudmore,Randolph
1534,Rapier,Rapier
1535,Emily Rappaport,Emily
1536,Xavier Rastrick,Xavier
1537,Raul Almeida,Raul
1538,The Grey Lady,The
1539,Helena Ravenclaw,Helena
1540,Rowena Ravenclaw,Rowena
1541,Rawya Zaghloul,Rawya
1542,Receptionist,Receptionist
1543,Red,Red
1544,Reginald Cattermole,Reginald
1545,Regulus Black,Regulus
1546,Regulus Black ,Regulus
1547,Regulus Moonshine,Regulus
1548,Remus Lupin,Remus
1549,Iefan Rice,Iefan
1550,and Riddle,and
1551,Delphi,Delphi
1552,Riddle family,Riddle
1553,Tom Marvolo Riddle,Tom
1554,Rionach Sayre,Rionach
1555,Rionach Steward,Rionach
1556,Ripper,Ripper
1557,Rita Skeeter,Rita
1558,Ritchie Coote,Ritchie
1559,River,River
1560,Oliver Rivers,Oliver
1561,Robert Grimsditch,Robert
1562,Robert Hilliard,Robert
1563,"Robert McGonagall, The Reverend",Robert
1564,"Robert McGonagall, Jr.",Robert
1565,Roberts,Roberts
1566,Roberts,Roberts
1567,two Roberts children,two
1568,Demelza Robins,Demelza
1569,Berthilde Roche,Berthilde
1570,Roddy Pontner,Roddy
1571,Rodent,Rodent
1572,Roderick Plumpton,Roderick
1573,Rodolphus Lestrange,Rodolphus
1574,Roger Davies,Roger
1575,Roger Davies' Girlfriend,Roger
1576,Roger Malone,Roger
1577,Roland Kegg,Roland
1578,Rolf Scamander,Rolf
1579,Romilda ,Romilda
1580,Romilda Vane,Romilda
1581,Romilda Vane's grandmother,Romilda
1582,Romulus,Romulus
1583,Ron Weasley,Ron
1584,Ronan,Ronan
1585,Augustus Rookwood,Augustus
1586,Roonil Wazlib,Roonil
1587,Rosalind Antigone Bungs,Rosalind
1588,Rose Granger-Weasley,Rose
1589,Rose Zeller,Rose
1590,Evan Rosier,Evan
1591,Rosier family,Rosier
1592,Madam Rosmerta,Madam
1593,Rowle,Rowle
1594,Damocles Rowle,Damocles
1595,Euphemia Rowle,Euphemia
1596,Rowle family,Rowle
1597,Thorfinn Rowle,Thorfinn
1598,J. K. Rowling,J.
1599,Roxanne Weasley,Roxanne
1600,Royal,Royal
1601,Royden Poke,Royden
1602,Royston Idlewind,Royston
1603,Rubeus Hagrid,Rubeus
1604,Ruby,Ruby
1605,Rudolf Brand,Rudolf
1606,Rudolph Spielman,Rudolph
1607,Grugwyn Rufford,Grugwyn
1608,Rufus Fudge,Rufus
1609,Rufus Scrimgeour,Rufus
1610,Runcorn,Runcorn
1611,Albert Runcorn,Albert
1612,Rupert 'Axebanger' Brookstanton,Rupert
1613,Rutherford Poke,Rutherford
1614,Barry Ryan,Barry
1615,Ryuichi Yamaguchi,Ryuichi
1616,Sacharissa Tugwood,Sacharissa
1617,Sally-Anne Perks,Sally-Anne
1618,Sally Smith,Sally
1619,Sam,Sam
1620,Samson Wiblin,Samson
1621,Samuel Equiano,Samuel
1622,Samuel Plunkett,Samuel
1623,Samuel G. Quahog,Samuel
1624,Sanguini,Sanguini
1625,Joshua Sankara,Joshua
1626,Rafael Santos,Rafael
1627,Selina Sapworthy,Selina
1628,Noriko Sato,Noriko
1629,Professor Saul Croaker,Professor
1630,Savage,Savage
1631,Almerick Sawbridge,Almerick
1632,Queen Victoria,Queen
1633,Sayre Family,Sayre
1634,Scabbers,Scabbers
1635,Scabior,Scabior
1636,Scamander family,Scamander
1637,Tina Goldstein,Tina
1638,Newt Scamander,Newt
1639,Rolf Scamander,Rolf
1640,Theseus Scamander,Theseus
1641,Scarpin,Scarpin
1642,Scorpius Malfoy,Scorpius
1643,Screaming Bogey of Strathtully,Screaming
1644,Brutus Scrimgeour,Brutus
1645,Rufus Scrimgeour,Rufus
1646,Scrivenshaft,Scrivenshaft
1647,Seamus Finnigan,Seamus
1648,Selwyn,Selwyn
1649,Selwyn family,Selwyn
1650,Septimus Malfoy,Septimus
1651,Septimus Weasley,Septimus
1652,Seraphina Picquery,Seraphina
1653,Sgt. Fisher,Sgt.
1654,Shacklebolt family,Shacklebolt
1655,Kingsley Shacklebolt,Kingsley
1656,Shafiq family,Shafiq
1657,Shanice Higgins,Shanice
1658,Henry Shaw,Henry
1659,Henry Shaw Jr.,Henry
1660,Langdon Shaw,Langdon
1661,Shikoba Wolfe,Shikoba
1662,Derwent Shimpling,Derwent
1663,Gaspard Shingleton,Gaspard
1664,Shintaro Shingo,Shintaro
1665,Sidney Todd,Sidney
1666,Sigrid Kristoffersen,Sigrid
1667,Silvanus Kettleburn,Silvanus
1668,Tony Silva,Tony
1669,Silvio Astolfi,Silvio
1670,Narinder Singh,Narinder
1671,Professor Sinistra,Professor
1672,Sir Cadogan,Sir
1673,Sir Herbert Varney,Sir
1674,Sirius Black,Sirius
1675,Sirius Black ,Sirius
1676,Sirius Black ,Sirius
1677,Sirius' Grandfather ,Sirius'
1678,Sir Luckless,Sir
1679,Sir Patrick Delaney-Podmore,Sir
1680,several sixth-year girls who form an unofficial Krum fan club,several
1681,Rita Skeeter,Rita
1682,Skender,Skender
1683,Harold Skively,Harold
1684,Skowers,Skowers
1685,Wilbert Slinkhard,Wilbert
1686,Jack Sloper,Jack
1687,Slughorn family,Slughorn
1688,Horace Slughorn,Horace
1689,Salazar Slytherin,Salazar
1690,The Slytherin Squib,The
1691,Slytherin fifth-year,Slytherin
1692,Darius Smackhammer,Darius
1693,Enid Smeek,Enid
1694,Smeltings school nurse,Smeltings
1695,Hippocrates Smethwyck,Hippocrates
1696,Leopoldina Smethwyk,Leopoldina
1697,Zacharias Smith's father,Zacharias
1698,Hepzibah Smith,Hepzibah
1699,Zacharias Smith,Zacharias
1700,Elizabeth Smudgling,Elizabeth
1701,Georgina Smyth,Georgina
1702,Eileen Prince Snape,Eileen
1703,Snape family,Snape
1704,Severus Snape,Severus
1705,Tobias Snape,Tobias
1706,Snatchers,Snatchers
1707,Barnaby Snell,Barnaby
1708,Snickerton,Snickerton
1709,Snowy,Snowy
1710,Joseph Snuka,Joseph
1711,Leticia Somnolens,Leticia
1712,Son of Dorea and Charlus Potter,Son
1713,Sophie Roper,Sophie
1714,Sorting Hat,Sorting
1715,Catullus Spangle,Catullus
1716,Sparky,Sparky
1717,"Faris ""Spout-hole"" Spavin",Faris
1718,Leonard Spencer-Moon,Leonard
1719,Rudolph Spielman,Rudolph
1720,Oddvar Spillum,Oddvar
1721,Alicia Spinnet,Alicia
1722,Helbert Spleen,Helbert
1723,Phyllida Spore,Phyllida
1724,Pomona Sprout,Pomona
1725,Able Spudmore,Able
1726,Spudmore family,Spudmore
1727,Randolph Spudmore,Randolph
1728,Erica Stainwright,Erica
1729,Blenheim Stalk,Blenheim
1730,Stamford Jorkins,Stamford
1731,Stan Shunpike,Stan
1732,Stebbins,Stebbins
1733,Stebbins ,Stebbins
1734,Stephen Cornfoot,Stephen
1735,James Steward,James
1736,Stewart Ackerley,Stewart
1737,St. Mungo,St.
1738,Stoyanka Grozda,Stoyanka
1739,Ballyfumble Stranger,Ballyfumble
1740,Miriam Strout,Miriam
1741,Billy Stubbs,Billy
1742,Stubby Boardman,Stubby
1743,Stubby Lamont,Stubby
1744,student who was accidentally Transfigured into a badger,student
1745,students,students
1746,Grogan Stump,Grogan
1747,Sturgis Podmore,Sturgis
1748,Sudanese Obscurial,Sudanese
1749,Sue Li,Sue
1750,Su Li,Su
1751,Felix Summerbee,Felix
1752,Summerby,Summerby
1753,Summers,Summers
1754,Summers,Summers
1755,Susan Blancheflower,Susan
1756,Susan Bones,Susan
1757,Havelock Sweeting,Havelock
1758,Emeric Switch,Emeric
1759,Sybill Trelawney,Sybill
1760,Jocunda Sykes,Jocunda
1761,Sylvian Boigny,Sylvian
1762,Sylvian Jolicoeur,Sylvian
1763,Symposia Rawle,Symposia
1764,Syna Hyslop,Syna
1765,Tangwystl ,Tangwystl
1766,Tarquin McTavish,Tarquin
1767,Tatting,Tatting
1768,Ted,Ted
1769,Teddy Lupin,Teddy
1770,Tenebrus,Tenebrus
1771,Terence Higgs,Terence
1772,Terry Boot,Terry
1773,Tertius,Tertius
1774,Theodard Fontaine,Theodard
1775,Theodore Nott,Theodore
1776,Theophilus Abbott,Theophilus
1777,Theseus Scamander,Theseus
1778,Thiago Quintana,Thiago
1779,Janus Thickey,Janus
1780,Pius Thicknesse,Pius
1781,and Thomas,and
1782,Dean Thomas,Dean
1783,Thorfinn Rowle,Thorfinn
1784,Thornton Harkaway,Thornton
1785,Thorsten Pfeffer,Thorsten
1786,one hundred thousand spectators at the World Cup,one
1787,Orsino Thruston,Orsino
1788,Thaddeus Thurkell,Thaddeus
1789,Tibbles,Tibbles
1790,Tiberius,Tiberius
1791,Tiberius Ogden,Tiberius
1792,Albert Tillyman,Albert
1793,Violet Tillyman,Violet
1794,Tilly Toke,Tilly
1795,Timothy Blenkinsop,Timothy
1796,Tina Goldstein,Tina
1797,tiny old wizard in violet cloak,tiny
1798,title,title
1799,Titus,Titus
1800,Tobias Snape,Tobias
1801,Sidney Todd,Sidney
1802,Todoroki,Todoroki
1803,Achilles Tolliver,Achilles
1804,Tom,Tom
1805,Tom ,Tom
1806,Tom Marvolo Riddle,Tom
1807,Tom Riddle Sr.,Tom
1808,Andromeda Tonks,Andromeda
1809,Ted Tonks,Ted
1810,Tonks family,Tonks
1811,Tony Silva,Tony
1812,Alberta Toothill,Alberta
1813,Tilden Toots,Tilden
1814,Torquil MacTavish,Torquil
1815,Kenneth Towler,Kenneth
1816,Tracey Davis,Tracey
1817,Travers,Travers
1818,Travers family,Travers
1819,Torquil Travers,Torquil
1820,Cassandra Trelawney,Cassandra
1821,Sybill Trelawney,Sybill
1822,Trevor,Trevor
1823,Trocar,Trocar
1824,Troy,Troy
1825,Queen Elizabeth I,Queen
1826,Tuft Family,Tuft
1827,Tufty,Tufty
1828,Tufty-haired man who gives Dumbledore's eulogy,Tufty-haired
1829,Sacharissa Tugwood,Sacharissa
1830,Adrian Tutley,Adrian
1831,Aristotle Twelvetrees,Aristotle
1832,Dorcus Twelvetrees,Dorcus
1833,twenty Ministry wizards,twenty
1834,Mallory Twiddle,Mallory
1835,Twilfitt,Twilfitt
1836,Wilkie Twycross,Wilkie
1837,Ugga,Ugga
1838,Ug the Unreliable,Ug
1839,Ulick Gamp,Ulick
1840,Dolores Umbridge's brother,Dolores
1841,Dolores Umbridge,Dolores
1842,Umbridge family,Umbridge
1843,Quintius Umfraville,Quintius
1844,Uncle Bilius,Uncle
1845,Uncle Nobby,Uncle
1846,Unctuous Osbert,Unctuous
1847,Albanian peasant,Albanian
1848,Muggle tramp,Muggle
1849,two unnamed Muggles in London,two
1850,unnamed witch in Bath,unnamed
1851,Urg the Unclean,Urg
1852,Uric the Oddball,Uric
1853,Elphinstone Urquart,Elphinstone
1854,Urquhart,Urquhart
1855,Urquhart Rackharrow,Urquhart
1856,Ursula Flint,Ursula
1857,Vaisey,Vaisey
1858,Valentina Vázquez,Valentina
1859,Valmai Morgan,Valmai
1860,vampire now unable to eat anything but lettuce,vampire
1861,Emmeline Vance,Emmeline
1862,Romilda Vane,Romilda
1863,Vargot,Vargot
1864,Nikola Vassileva,Nikola
1865,Venusia Crickerly,Venusia
1866,Verity,Verity
1867,Vernon Dudley,Vernon
1868,Vernon Dursley,Vernon
1869,Veronica Smethley,Veronica
1870,Vicky Frobisher,Vicky
1871,Victoire Weasley,Victoire
1872,Queen Victoria,Queen
1873,Viktor Krum,Viktor
1874,Vincent Duc de Trefle-Picques,Vincent
1875,Vincent Crabbe,Vincent
1876,Vinda Rosier,Vinda
1877,Violet,Violet
1878,Violetta Beauvais,Violetta
1879,Violetta Bulstrode,Violetta
1880,Violetta Hobday,Violetta
1881,Violet Tillyman,Violet
1882,Vindictus Viridian,Vindictus
1883,Count Vlad Drakul,Count
1884,Volkov,Volkov
1885,Luciano Volpi,Luciano
1886,Vulchanov,Vulchanov
1887,Nerida Vulchanova,Nerida
1888,Boris Vulchanov,Boris
1889,Vulchanov family,Vulchanov
1890,Joscelind Wadcock,Joscelind
1891,Adalbert Waffling,Adalbert
1892,Wagga Wagga Werewolf,Wagga
1893,Honest Willy Wagstaff,Honest
1894,Myron Wagtail,Myron
1895,Wailing Widow,Wailing
1896,Yoshi Wakahisa,Yoshi
1897,Wakanda,Wakanda
1898,Walburga Black,Walburga
1899,Walden Macnair,Walden
1900,Walter Parkin,Walter
1901,Wand-shine Elf,Wand-shine
1902,Karl Wang,Karl
1903,Celestina Warbeck,Celestina
1904,Irving Warble,Irving
1905,Mercy Wardwell,Mercy
1906,Moaning Myrtle,Moaning
1907,Warrington,Warrington
1908,Warty Harris,Warty
1909,Fabius Watkins,Fabius
1910,Wayne Hopkins,Wayne
1911,Arthur Weasley,Arthur
1912,Audrey Weasley,Audrey
1913,Charlie Weasley,Charlie
1914,Dominique Weasley,Dominique
1915,Weasley family,Weasley
1916,Fred Weasley ,Fred
1917,Fred Weasley,Fred
1918,George Weasley,George
1919,Ginny Weasley,Ginny
1920,Louis Weasley,Louis
1921,Lucy Weasley,Lucy
1922,Molly Weasley ,Molly
1923,Molly Weasley,Molly
1924,Panju Weasley,Panju
1925,Percy Weasley,Percy
1926,Ron Weasley,Ron
1927,Roxanne Weasley,Roxanne
1928,Septimus Weasley,Septimus
1929,Victoire Weasley,Victoire
1930,Bill Weasley,Bill
1931,Weatherby,Weatherby
1932,Webster Boot,Webster
1933,Webster Boot's wife,Webster
1934,Helmut Weiss,Helmut
1935,Dorcas Wellbeloved,Dorcas
1936,Wendelin the Weird,Wendelin
1937,Wendell Wilkins,Wendell
1938,Bridget Wenlock,Bridget
1939,Willi Wenzel,Willi
1940,Kennilworthy Whisp,Kennilworthy
1941,Devlin Whitehorn,Devlin
1942,Samson Wiblin,Samson
1943,Dempster Wiggleswade,Dempster
1944,Wilhelm Wigworthy,Wilhelm
1945,Wilbert Slinkhard,Wilbert
1946,Wilda Griffiths,Wilda
1947,Ignatia Wildsmith,Ignatia
1948,Wilfred Elphick,Wilfred
1949,Wilfred the Wistful,Wilfred
1950,Wilhelm Fischer,Wilhelm
1951,Wilhelmina Grubbly-Plank,Wilhelmina
1952,Wilhelmina Tuft,Wilhelmina
1953,Wilkes,Wilkes
1954,Wilkie Twycross,Wilkie
1955,Monica Wilkins,Monica
1956,Charity Wilkinson,Charity
1957,William,William
1958,William Sayre,William
1959,Benjy Williams,Benjy
1960,Williamson,Williamson
1961,Heliotrope Willis,Heliotrope
1962,Willy Widdershins,Willy
1963,Gilbert Wimple,Gilbert
1964,Winkus Oddpick,Winkus
1965,Winky,Winky
1966,Winston Churchill,Winston
1967,Herman Wintringham,Herman
1968,Welcome Witch,Welcome
1969,witch who asked Barty Crouch Sr. to get a grip,witch
1970,Witch who banished the Bandon Banshee,Witch
1971,witch with a hairy chin,witch
1972,witch at Inquiries desk At St. Mungo's,witch
1973,Witherwings,Witherwings
1974,wizard claiming to have flown to the moon on a Cleansweep 6,wizard
1975,wizarding souvenir sellers,wizarding
1976,Wizard in a Purple Porkpie Hat,Wizard
1977,some wizards folk who Apparated without a license,some
1978,wizard with a walrus moustache,wizard
1979,Shikoba Wolfe,Shikoba
1980,Wladyslaw Wolfke,Wladyslaw
1981,Wood family,Wood
1982,Oliver Wood,Oliver
1983,Wool Woman,Wool
1984,World Cup Mediwizards,World
1985,Wormtail,Wormtail
1986,Eldred Worple,Eldred
1987,Momolou Wotorson,Momolou
1988,Bowman Wright,Bowman
1989,Josef Wronski,Josef
1990,Wyvern of Wye,Wyvern
1991,Xavier Rastrick,Xavier
1992,Georgios Xenakis,Georgios
1993,Xenophilius Lovegood,Xenophilius
1994,Ryuichi Yamaguchi,Ryuichi
1995,Yann Fredericks,Yann
1996,Yardley Platt,Yardley
1997,Corban Yaxley,Corban
1998,Yaxley family,Yaxley
1999,several fifth-year girls,several
2000,two first-year girls frightened into hysterics by Filch,two
2001,yeti with a head-cold,yeti
2002,Yoshi Wakahisa,Yoshi
2003,Cyprian Youdle,Cyprian
2004,Young Red-Haired Witch,Young
2005,two young witches on toy broomsticks,two
2006,Yusuf Kama,Yusuf
2007,Yvonne,Yvonne
2008,Blaise Zabini,Blaise
2009,Zacharias Smith,Zacharias
2010,Zacharias Smith's father,Zacharias
2011,Zacharias Mumps,Zacharias
2012,Rawya Zaghloul,Rawya
2013,Zamira Gulch,Zamira
2014,Ladislaw Zamojski,Ladislaw
2015,Georgi Zdravko,Georgi
2016,Zograf,Zograf
2017,Zonko,Zonko
2018,Valentina Vázquez,Valentina
2019,Zygmunt Budge,Zygmunt
